{
  "final_equity": 2766.961739216082,
  "total_return": -0.7233038260783917,
  "cagr": -0.9995968012415927,
  "sharpe": -2.225565577784355,
  "max_drawdown": -2.0395738719917973,
  "n_symbols": 6,
  "weighting": "equal"
}